id,study,year,country,age_group,sample_size,females,health,ethnicity_reported,unique_model,device,device_brand,sensor,sensor_type,dynami_range,bit_resolution,acquisition_sampling_rate,sampling_rate_cat,resampled,resampled_sampling_rate,raw_signal_check,digital_filter,digital_filter_type,highpass_cutoff,lowpass_cutoff,gravity_removal,feature_types,features,features_extracted_from,window_size,feature_types_model,feature_selection,method_best,sub_method_best,outcomes
1795,Ahmadi 2018,2018,Australia,Children and Youth; Adults,22,11,Clinical,n.r.,1,GT3X+ (ActiGraph),ActiGraph,n.r.,Triaxial ,±6g,n.r.,30 Hz,21-50 Hz,0,30 Hz,Visual inspection,None,None,n.a.,n.a.,None,Time-domain; Frequency-domain,"Sum of motion counts, CV of sum of motion counts (%)",Signal vector magnitude,10 sec,Time-domain; Frequency-domain,Random Forest automatic feature selection,Classical ML,RandomForest,Activity type
2995,Ahmadi 2020,2020,Australia,Children and Youth,38,25,Clinical,n.r.,1,GT3X+ (ActiGraph),ActiGraph,n.r.,Triaxial ,±6g,n.r.,30 Hz,21-50 Hz,0,30 Hz,None,None,None,n.a.,n.a.,None,Time-domain; Frequency-domain,"Mean acceleration (xyz), Upper limb strength","Individual axes (x,y,z); Signal vector magnitude",10 sec,Time-domain; Frequency-domain,Minimum Redundancy Maximum Relevance,Classical ML,RandomForest,Activity type
4490,Ahmadi 2020,2020,Australia,Children and Youth,31,9,n.r.,n.r.,1,GT3X+ (ActiGraph),ActiGraph,n.r.,Triaxial ,±6g,n.r.,100 Hz,81-100 Hz,0,100 Hz,None,None,None,n.a.,n.a.,None,Time-domain; Frequency-domain; Spatial,"75th percentile (x angle), lag-1 sec autocorrelation (z filtered), median frequency 0.3-3 Hz (raw z), range (x filtered), mean frequency power (VM filtered), absolute signal change (VM filtered), 95th percentile (raw VM), 90th percentile (VM filtered), 3rd moment (y angle), mean frequency 0.3-3 Hz (Z filtered)","Individual axes (x,y,z)",15 sec,Time-domain; Frequency-domain,Minimum Redundancy Maximum Relevance ,Classical ML,RandomForest,Activity type
1844,Ahmadi 2020,2020,Australia,Children and Youth,10,n.r.,Apparently healthy,n.r.,1,GT3X+ (ActiGraph),ActiGraph,n.r.,Triaxial ,n.r.,n.r.,100 Hz,81-100 Hz,0,100 Hz,None,None,None,n.a.,n.a.,None,Time-domain; Frequency-domain,ENMO (mg),Signal vector magnitude,10 sec,Time-domain; Frequency-domain,None,Classical ML,RandomForest,Energy expenditure
52,Ahmadi 2020,2020,Australia,Children and Youth,31,9,n.r.,n.r.,0,GT3X+ (ActiGraph),ActiGraph,n.r.,Triaxial ,±8g,n.r.,100 Hz,81-100 Hz,0,100 Hz,None,None,None,n.a.,n.a.,None,Time-domain; Frequency-domain,SVM (g.min),"Individual axes (x,y,z); Signal vector magnitude",15 sec,Time-domain; Frequency-domain; Spatial,Random Forest automatic feature selection,Classical ML,RandomForest,Activity type
962,Ahmadi 2022,2022,Australia,Children and Youth,31,9,n.r.,n.r.,1,GT3X+ (ActiGraph),ActiGraph,n.r.,Triaxial ,±6g,n.r.,100 Hz,81-100 Hz,0,100 Hz,None,None,None,n.a.,n.a.,None; Subtracting 1g from VM,Time-domain; Frequency-domain,Activity counts from seven epochs,"Individual axes (x,y,z); Signal vector magnitude",15 sec,Time-domain; Frequency-domain,Random forest automatic feature selection; n.a.,Classical ML,RandomForest,Activity type
14135,Altini 2013,2013,Netherlands,Adults,16,4,Apparently healthy,n.r.,1,Imec Wristband,Imec,n.r.,Triaxial ,n.r.,n.r.,32 Hz,21-50 Hz,0,32 Hz,None,"Bandpass (0.1 - 10 Hz) [n.r.], Low-pass (1 Hz) [n.r.]",Band-pass,0.1,10,FIlter,Time-domain; Frequency-domain,"Mean, standard deviation, minimum, maximum, interquartile range, percentiles (10th, 25th, 50th, 75th, 95th), coefficient of variation, signal sum, power, peak-to-peak amplitude, median crossings, dominant frequency (0.25€“5 Hz), magnitude of dominant frequency (0.25€“5 Hz)",n.r.,15 sec,Time-domain; Frequency-domain,Mutual information for activity type recognition; linear forward selection for EE estimation,Classical ML,SVM,Activity type; Energy expenditure
3488,Altini 2014,2014,Netherlands,Adults,18,4,Apparently healthy,n.r.,1,Imec Wristband,Imec,n.r.,Triaxial ,n.r.,n.r.,32 Hz,21-50 Hz,0,32 Hz,None,"Bandpass (0.1 - 10 Hz) [n.r.], Low-pass (1 Hz) [n.r.]",Band-pass,0.1,10,FIlter,Time-domain; Frequency-domain,"All features; Subset: Shannon's entropy, main frequency of the FFT, energy of the 0.2 Hz window centred around the main frequency over total FFT energy, mean of cross covariance between each 2 axes",n.r.,4 sec,Time-domain; Frequency-domain,Mutual information for activity type recognition; linear forward selection for EE estimation,Classical ML,SVM,Activity type; Energy expenditure
185,Altini 2015,2015,Netherlands,Adults,15,4,n.r.,n.r.,1,Imec Necklace,Imec,ADXL330 (Analog Devices),Triaxial ,n.r.,n.r.,64 Hz,51-80 Hz,0,64 Hz,None,"Bandpass (0.1 - 10 Hz) [n.r.], Low-pass (1 Hz) [n.r.]",Band-pass,0.1,10,FIlter,Time-domain; Frequency-domain,"Mean, standard deviation, coefficient of variation, minimum, maximum, quantiles (25th, 75th), moments (third, fourth), skewness, kurtosis, mean angle between x-axis and VM, standard deviation of angles in the window, percentage of power of VM (0.6-2.5 Hz), dominant frequency of VM, fraction of power in VM at dominant frequency",n.r.,4 sec,Time-domain; Frequency-domain,Correlation for activity type recognition; forward selection based on variance explained within a cluster for EE estimation,Classical ML,SVM,Activity type; Energy expenditure
31390,Atallah 2011,2011,United Kingdom,Adults,11,2,Apparently healthy,n.r.,1,Custom,Custom,ADXL330 (Analog Devices),Triaxial ,±3g,n.r.,50 Hz,21-50 Hz,0,50 Hz,None,None,None,n.a.,n.a.,None,Time-domain; Frequency-domain,Raw band-pass filtered z-axis time series; FFT coefficients,"Individual axes (x,y,z)",5 sec,Time-domain; Frequency-domain,"Relief algorithm, Simba algorithm, Minimum Redundancy Maximum Relevance",Classical ML,NaiveBayes,Activity type
4346,Bai 2022,2022,United States of America,Older adults,247,141,Clinical,1,1,GT3X-BT (ActiGraph),ActiGraph,n.r.,Triaxial ,n.r.,n.r.,100 Hz,81-100 Hz,0,100 Hz,None,None,None,n.a.,n.a.,None,Time-domain; Frequency-domain,Zero-crossing (unitless),"Individual axes (x,y,z); Signal vector magnitude",60 sec,Time-domain; Frequency-domain,Ensemble learning using eXtreme Gradient Boosting (XGBoost),Classical ML,GradientBoosting,Activity intensity; Activity type; Energy expenditure
662,Bakrania 2016,2016,United Kingdom,Adults,33,20,n.r.,n.r.,1,GT3X+ (ActiGraph); GENEActiv (ActivInsights),ActiGraph; ActivInsights,n.r.,Triaxial ,±6g; ±8g,n.r.,100 Hz,81-100 Hz,0,100 Hz,None,None,None,n.a.,n.a.,Subtracting 1g from VM; Subtracting mean,Time-domain,1024-element vector output of ResNet-17 encoder,"Individual axes (x,y,z)",5 sec,Time-domain,n.a.,Threshold / Cutpoint,Threshold,Activity type
264,Bammann 2021,2021,Germany; United Kingdom,Older adults,20,9,Apparently healthy,n.r.,1,GT3X+ (ActiGraph),ActiGraph,n.r.,Triaxial ,n.r.,n.r.,30 Hz,21-50 Hz,0,30 Hz,Auto-calibration using GGIR,None,None,n.a.,n.a.,Subtracting 1g from VM,Time-domain,n.r.,"Individual axes (x,y,z)",60 sec,Time-domain,n.a.,Threshold / Cutpoint,Threshold,Activity intensity
1830,Banfi 2021,2021,Italy,Adults,81,n.r.,Mixed,n.r.,1,AX3 (Axivity Ltd.),Axivity,ADXL345 (Analog Devices),Triaxial ,n.r.,10 bit,100 Hz,81-100 Hz,1,8.3 Hz,None,None,None,n.a.,n.a.,None,CNN-derived time-domain and spatial features,"Activity counts generated according to Borazio (2014), Cole (1992), Oakley (1997)","Individual axes (x,y,z)",30 sec,CNN-derived time-domain and spatial features,CNN automatic feature selection,Deep Learning,CNN,Sleep-Wake
9734,Barouni 2020,2020,Germany,Adults,93,n.r.,Mixed,n.r.,1,Move3 (Movisens GmbH),Movisens,n.r.,Triaxial ,±8g,4 mg,64 Hz,51-80 Hz,0,64 Hz,None,Butterworth bandpass (0.25-3 Hz) [fourth order],Band-pass,0.25,3,FIlter,Time-domain,SVM (g.s),n.r.,30 sec,Time-domain,None,Threshold / Cutpoint,Threshold,Sleep-Wake
7678,Bianchim 2023,2023,United Kingdom,Children and Youth,63,31,Mixed,n.r.,1,"GT9X Link (ActiGraph); GENEActiv (ActivInsights)
",ActiGraph; ActivInsights,n.r.,Triaxial ,±8g,n.r.,100 Hz,81-100 Hz,0,100 Hz,Auto-calibration using GGIR,None,None,n.a.,n.a.,Subtracting 1g from VM; Subtracting mean,Time-domain,K (count/epoch),"Individual axes (x,y,z)",5 sec,Time-domain,None,Threshold / Cutpoint,Threshold,Activity intensity
6979,Bianchim 2024,2024,United Kingdom,Children and Youth,63,31,Mixed,n.r.,1,GT9X Link (ActiGraph); GENEActiv (ActivInsights),ActiGraph; ActivInsights,n.r.,Triaxial ,±8g,n.r.,100 Hz,81-100 Hz,0,100 Hz,Visual inspection,6 Hz cutoff to separate low/high frequency components,Low-pass,n.a.,6,None,Time-domain,"Activity intensity: ENMO (milli-g), 
Activity type: Coefficient of variation of log-transformed ENMO per 10 sec",Signal vector magnitude,5 sec,Time-domain,None,Classical ML,GradientBoosting,Activity intensity
13351,Borazio 2014,2014,Germany,Adults; Older adults,42,20,Clinical,n.r.,1,Custom ,Custom,ADXL345 (Analog Devices),Triaxial ,±4g,n.r.,100 Hz,81-100 Hz,0,100 Hz,Visual inspection,"Oakley: Butterworth bandpass (3-11 Hz) [first order];
Cole: Butterworth bandpass (0.5-11 Hz) [first order];
Estimation of Stationary Sleep-segments (ESS): Time-domain low-pass filter (standard deviation <= 6)",Low-pass,n.a.,n.r.,None,Time-domain,"Mean and variance of biaxial acceleration, lagged acceleration values; interaction terms; height, weight, BMI, age, VO2max",Single axis (z),1 sec,Time-domain,ESS: Manual threshold selection via parameter sweep,Threshold / Cutpoint,Threshold,Sleep-Wake
194,Cakmak 2020,2020,United States of America,Older adults,102,0,Clinical,n.r.,1,E4 (Empatica),Empatica,n.r.,Triaxial ,n.r.,n.r.,n.r.,n.r.,n.r.,n.r.,None,Butterworth bandpass (0.25 - 11 Hz) [n.r.],Band-pass,0.25,18,FIlter,Time-domain,"Mean (mg), entropy, BMI (kg/m^2), height (cm), weight (kg), fat %",Single axis,30 sec,Time-domain,Better performance in terms of F-1 score,Probabilistic Temporal,StateSpace,Sleep-Wake
804,Chao 2021,2021,United States of America,Adults,58,n.r.,Mixed,n.r.,1,Apple Watch; GENEActiv (ActivInsights),Apple; ActivInsights,n.r.,Triaxial ,n.r.,n.r.,50-85.7 Hz,51-80 Hz,0,50-85.7 Hz,None,Bandpass (3 - 11 Hz) [n.r.] for activity counts,Band-pass,3,11,FIlter,Time-domain,"Oakley: scaled maximum absolute counts
Cole: scaled zero-crossing counts
ESS: z-axis standard deviation (STD), segment duration","Individual axes (x,y,z)",30 sec,Time-domain,Backward elimination followed by recursive feature elimination optimizing AUROC performance,Classical ML,RandomForest,Sleep-Wake
377,Crotti 2020,2020,United Kingdom,Children and Youth,32,17,n.r.,n.r.,1,GT9X Link (ActiGraph),ActiGraph,n.r.,Triaxial ,±8g,n.r.,100 Hz,81-100 Hz,0,100 Hz,None,None,None,n.a.,n.a.,Subtracting 1g from VM,Time-domain,"Mean, standard deviation, skewness, kurtosis","Individual axes (x,y,z)",1 sec,Time-domain,n.a.,Threshold / Cutpoint,Threshold,Activity intensity
2529,Davoudi 2021,2021,United States of America,Older adults,93,47,Apparently healthy,1,1,GT3X+ (ActiGraph),ActiGraph,n.r.,Triaxial ,n.r.,n.r.,100 Hz,81-100 Hz,0,100 Hz,None,None,None,n.a.,n.a.,None,Time-domain; Frequency-domain,Mean and variance of activity counts,"Individual axes (x,y,z); Signal vector magnitude",16 sec,Time-domain; Frequency-domain,None,Classical ML,RandomForest,Activity type; Energy expenditure
3932,Dibben 2020,2020,United Kingdom,Adults,22,5,Clinical,n.r.,1,GENEActiv (ActivInsights),ActivInsights,n.r.,Triaxial ,±8g,n.r.,100 Hz,81-100 Hz,0,100 Hz,None,None,None,n.a.,n.a.,Subtracting 1g from VM,Time-domain,"Mean wrist elevation angle (degrees), mean vector magnitude (milli-g), summed gravity-subtracted vector magnitude (g.15 s)","Individual axes (x,y,z)",5 sec,Time-domain,n.a.,Threshold / Cutpoint,Threshold,Activity intensity
13339,Dong 2014,2014,United States of America,n.r.,25,17,n.r.,n.r.,1,Custom,Custom,ADXL202,Biaxial ,±2g,10 bit,10 Hz,1-20 Hz,0,10 Hz,None,None,None,n.a.,n.a.,None,Time-domain,Activity index,"Individual axes (x,y,z)",4.2 sec,Time-domain,Based on previous research,Classical ML,ANN,Energy expenditure
2188,Duncan 2016,2016,United Kingdom,Children and Youth,15,6,Apparently healthy,1,0,GENEActiv (ActivInsights),ActivInsights,n.r.,Triaxial ,n.r.,n.r.,80 Hz,51-80 Hz,0,80 Hz,None,None,None,n.a.,n.a.,Subtracting 1g from VM,Time-domain,n.r. (subset of extracted features based on feature selection),"Individual axes (x,y,z)",1 sec,Time-domain,Based on previous research,Threshold / Cutpoint,Threshold,Activity intensity
4137,Duncan 2019,2019,United Kingdom,Children and Youth,30,14,Apparently healthy,1,1,GENEActiv (ActivInsights),ActivInsights,n.r.,Triaxial ,n.r.,n.r.,80 Hz,51-80 Hz,0,80 Hz,None,None,None,n.a.,n.a.,Subtracting 1g from VM,Time-domain,n.r.,"Individual axes (x,y,z)",1 sec,Time-domain,Based on previous research,Threshold / Cutpoint,Threshold,Activity intensity
105,Duncan 2020,2020,United Kingdom,Older adults,23,14,Apparently healthy,1,1,GENEActiv (ActivInsights),ActivInsights,n.r.,Triaxial ,n.r.,n.r.,80 Hz,51-80 Hz,0,80 Hz,None,None,None,n.a.,n.a.,Subtracting 1g from VM,Time-domain,SVM (mg.5 sec),"Individual axes (x,y,z)",1 sec,Time-domain,Based on previous research,Threshold / Cutpoint,Threshold,Activity intensity
577,Duncan 2020,2020,United Kingdom,Children and Youth,20,0,Apparently healthy,1,1,GENEActiv (ActivInsights),ActivInsights,n.r.,Triaxial ,n.r.,n.r.,80 Hz,51-80 Hz,0,80 Hz,None,None,None,n.a.,n.a.,Subtracting 1g from VM,Time-domain,SVM (g.s or g) - depends on algorithm used,"Individual axes (x,y,z)",1 sec,Time-domain,n.a.,Threshold / Cutpoint,Threshold,Activity intensity
5534,Ellingson 2017,2017,United States of America,Adults,51,22,Apparently healthy,n.r.,0,GT3X+ (ActiGraph),ActiGraph,n.r.,Triaxial ,±6g,12 bit,100 Hz,81-100 Hz,0,100 Hz,None,None; Bandpass (0.24-2.5 Hz) [n.r.],None; Band-pass,2.5,0.24,Filter; Subtracting 1g from VM,Time-domain; Frequency-domain,"Root mean square, standard deviation, skewness, kurtosis, zero-crossing, peak-to-peak, Hjorth mobility, Hjorth complexity, peak powers, dominant frequencies, total energy, spectral entropy, peak power in 0-2.5 Hz range, dominant frequency in 0-2.5 Hz range, total energy in 0-2.5 Hz range, spectral entropy in 0-2.5 Hz range, Hurst exponent, auto mutual information, false nearest neighbor, Lyapunov exponent, Sample entropy","Individual axes (x,y,z); Signal vector magnitude",15 sec,Time-domain; Frequency-domain,None,Linear / GLM,LinearRegression,Energy expenditure
901,Ellis 2014,2014,United States of America,Adults,40,21,n.r.,n.r.,1,GT3X+ (ActiGraph),ActiGraph,n.r.,Triaxial ,±6g,n.r.,30 Hz,21-50 Hz,0,30 Hz,None,None,None,n.a.,n.a.,None,Time-domain; Frequency-domain,"Mean, standard deviation, minimum, maximum, total power (0.3-15 Hz), first and second dominant frequencies (0.3-15 Hz), and their powers (0.3-15 Hz), dominant frequency (0.6-2.5 Hz) and its power, ratio between power of first dominant frequency and total power (0.3-15 Hz), ratio between the dominant frequency of current segment and the segment before","Individual axes (x,y,z); Signal vector magnitude",1 min,Time-domain; Frequency-domain,None,Classical ML,RandomForest,Activity type; Energy expenditure
4094,Ellis 2016,2016,United States of America,Adults,40,40,Clinical,n.r.,1,GT3X+ (ActiGraph),ActiGraph,n.r.,Triaxial ,±6g,n.r.,30 Hz,21-50 Hz,0,30 Hz,None,"Low-pass (0.5 Hz) [n.r.] for gravity direction estimation used for angular features (roll, pitch, yaw)",Low-pass,n.a.,0.5,None,Time-domain; Frequency-domain,ENMO (mg),"RF model: Signal vector magnitude,
GGIR analysis: Individual axes (x,y,z)",1 min,Time-domain; Frequency-domain,"RF model: embedded feature selection,
GGIR analysis: None
",Hybrid / Ensemble,RF + HMM,Activity type
35670,Esliger 2011,2011,Canada; United Kingdom,Adults,60,37,Apparently healthy,n.r.,1,GENEA (Unilever & ActivInsights),Unilever & ActivInsights,LIS3LV02DL (STMicroelectronics),Triaxial ,±6g,12 bit,80 Hz,51-80 Hz,0,80 Hz,"Intra- and inter-instrument reliability, and criterion validity of acceleration signal assessed using a Multi-Axis Shaking Table",None,None,n.a.,n.a.,Subtracting 1g from VM,Time-domain,Same 10 features above (units: mg² for variance/energy; degrees for orientation),"Individual axes (x,y,z)",1 min,Time-domain,n.a.,Threshold / Cutpoint,Threshold,Activity intensity
9709,Farrahi 2020,2020,Finland; United States of America,Children and Youth; Adults,33,n.r.,n.r.,n.r.,1,GT3X+ (ActiGraph); Colibri IMU (Trivisio); MTx tracker (Xsens),ActiGraph; Trivisio; Xsens,n.r.,Triaxial , ±6g; ±16g; ±5g,n.r.,25-100 Hz,Variable,1,25 Hz,None,None,None,n.a.,n.a.,None,Time-domain; Frequency-domain,"Mean, standard deviation, maximum, first df, ratio of power at df and total power, range, power at frequencies higher than 3.5 Hz divided by total power, active samples, number of activations","Individual axes (x,y,z); Signal vector magnitude",60 sec,Time-domain; Frequency-domain,None,Classical ML,ANN,Activity type
7483,Felton 2023,2023,United States of America,Adults,n.r.,n.r.,n.r.,n.r.,0,Apple Watch; Custom,Apple; Custom,n.r.,Triaxial ,±5g,n.r.,n.r.,n.r.,n.r.,n.r.,None,Bandpass (n.r.) [n.r.],Band-pass,n.r.,n.r.,Filter,Time-domain,"Peak-to-peak interval (seconds), Maximum magnitude (mg)",Signal vector magnitude,30 sec,Time-domain,None,Threshold / Cutpoint,Threshold,Sleep-Wake
4775,Fraysse 2020,2020,Australia,Older adults,31,14,Apparently healthy,n.r.,1,GENEActiv (ActivInsights),ActivInsights,ADXL345 (Analog Devices),Triaxial ,n.r.,n.r.,100 Hz,81-100 Hz,0,100 Hz,None,Low-pass (20 Hz) [n.r.],Low-pass,n.a.,20,Subtracting 1g from VM,Time-domain,ENMO (mg),"Individual axes (x,y,z)",5 sec,Time-domain,n.a.,Threshold / Cutpoint,Threshold,Activity intensity
2326,Fridolfsson 2021,2021,Sweden,Adults,63,19,Apparently healthy,n.r.,1,AX3 (Axivity),Axivity,n.r.,Triaxial ,±16g,n.r.,100 Hz,81-100 Hz,0,100 Hz,None,Bandpass (0.69 - 10 Hz) [n.r.],Band-pass,0.69,10,FIlter,Time-domain,ENMO (mg); MAD (mg),Signal vector magnitude,1 min,Time-domain,n.a.,Threshold / Cutpoint,Threshold,Activity intensity; Energy expenditure
10688,Fujimoto 2018,2018,Japan,Adults,100,40,Apparently healthy,n.r.,1,Custom,Custom,n.r.,Triaxial ,n.r.,n.r.,n.r.,n.r.,n.r.,n.r.,None,None,None,n.a.,n.a.,None,Time-domain,Long-short-term memory recurrent layer (LSTM-RNN) derived feature map,Single axis (y),30 sec,Time-domain,n.a.,Threshold / Cutpoint,Threshold,Sleep-Wake
2884,Gifford 2021,2021,United Kingdom,Adults,47,47,Apparently healthy,n.r.,1,GENEActiv (ActivInsights),ActivInsights,n.r.,Triaxial ,n.r.,n.r.,75 Hz,51-80 Hz,0,75 Hz,Calibration mentioned (details n.r.),None,None,n.a.,n.a.,Subtracting 1g from VM,Time-domain,n.r.,n.r.,1 min,Time-domain,n.a.,Linear / GLM,LinearRegression,Energy expenditure
15949,Haapalainen 2008,2008,Finland,Adults,10,2,Apparently healthy,n.r.,1,Custom,Custom,n.r.,Biaxial ,±1.5g,n.r.,100 Hz,81-100 Hz,0,100 Hz,Erroneous values outside 0-3 V replace by mean of signal,None,None,n.a.,n.a.,None,Time-domain; Temporal,"Integrated absolute accelerations for x,y,z axes (unit n.r.), exercise time (min), body weight (kg)",Individual axes (2D),15 sec,Time-domain; Temporal,Backward elimination based on p-value (Î± = 0.1) and log-likelihood,Non-linear / Mixed Statistical,MixedEffects,Energy expenditure
15839,Haapalainen 2008,2008,Finland,Adults,10,2,Apparently healthy,n.r.,1,Custom,Custom,n.r.,Biaxial ,±1.5g,n.r.,100 Hz,81-100 Hz,0,100 Hz,Erroneous values outside ±1.5g replace by mean of signal,None,None,n.a.,n.a.,None,Time-domain; Temporal,Vector magnitude,Individual axes (2D),15 sec,Time-domain; Temporal,Backward selection via leave-one-out cross-validation,Non-linear / Mixed Statistical,MixedEffects,Energy expenditure
2956,Hernando 2018,2018,Spain,Adults,98,15,Apparently healthy,n.r.,1,GENEActiv (ActivInsights),ActivInsights,n.r.,Triaxial ,n.r.,n.r.,85.7 Hz,81-100 Hz,0,85.7 Hz,None,None,None,n.a.,n.a.,Subtracting 1g from VM,Time-domain,"Pregnant women: VM (mg), Weight (kg)
Non-pregnant women: VM (mg), Body wear side","Individual axes (x,y,z)",1 min,Time-domain,n.a.,Threshold / Cutpoint,Threshold,Activity intensity
2608,Hibbing 2018,2018,United States of America,Children and Youth,81,46,n.r.,n.r.,1,GT3X+ (ActiGraph); wGT3X-BT (ActiGraph),ActiGraph,n.r.,Triaxial ,±8g,12 bit,100 Hz,81-100 Hz,0,100 Hz,Accelerometer data coefficient of variation for each activity > 90% - removed participant from analysis,'Normal filter' specified (n.r.),n.r.,n.r.,n.r.,Subtracting 1g from VM,Time-domain,"Mean, standard deviation, minimum, maximum, lag one autocorrelation, percentiles (10%, 25%, 50%, 75%, 90%)",Euclidean Norm Minus One (ENMO),"1 sec, 15 sec",Time-domain,None,Hybrid / Ensemble,ANN + DT,Activity intensity
1041,Hibbing 2018,2018,United States of America,Adults,30,10,Apparently healthy,n.r.,1,GT9X Link (ActiGraph),ActiGraph,n.r.,Triaxial ,±6g; ±8g,n.r.,80 Hz,51-80 Hz,0,80 Hz,None,None,None,n.a.,n.a.,Subtracting 1g from VM,Time-domain,n.r.,"Individual axes (x,y,z)","1 sec, 10 sec",Time-domain,n.a.,Threshold / Cutpoint,Threshold,Activity intensity
26667,Hibbing 2023,2023,United States of America,Adults,24,14,Apparently healthy,n.r.,0,GT9X Link (ActiGraph),ActiGraph,n.r.,Triaxial ,n.r.,n.r.,100 Hz,81-100 Hz,0,100 Hz,None,None,None,n.a.,n.a.,None,Depends on method used,"PP (seconds), Max (ADC counts), MD (proportion of epochs per window)","Individual axes (x,y,z); Signal vector magnitude",-,Time-domain; Frequency-domain,Depends on method used,Non-linear / Mixed Statistical,Polynomial,Energy expenditure
1079,Hildebrand 2014,2014,Norway; United Kingdom,Children and Youth; Adults,60,31,Apparently healthy,n.r.,1,GT3X+ (ActiGraph); GENEActiv (ActivInsights),ActiGraph; ActivInsights,KXSC7-3672 (Kionix); ADXL345 (Analog Devices),Triaxial ,±6g; ±8g,12 bit,60 Hz,51-80 Hz,0,60 Hz,None,None,None,n.a.,n.a.,Subtracting 1g from VM,Time-domain,SVM-g (mg),"Individual axes (x,y,z)",1 sec,Time-domain,n.a.,Threshold / Cutpoint,Threshold,Activity intensity; Energy expenditure
46,Hildebrand 2017,2017,Norway; Netherlands,Children and Youth; Adults,60,31,Apparently healthy,n.r.,1,GT3X+ (ActiGraph); GENEActiv (ActivInsights),ActiGraph; ActivInsights,n.r.,Triaxial ,±6g; ±8g,n.r.,60 Hz,51-80 Hz,0,60 Hz,Auto-calibration using GGIR,None,None,n.a.,n.a.,Subtracting 1g from VM,Time-domain,HPFVM (mg) or ENMO (mg),"Individual axes (x,y,z)",1 sec,Time-domain,n.a.,Threshold / Cutpoint,Threshold,Activity type
6332,Hossain 2021,2021,United States of America,Adults,28,14,Apparently healthy,n.r.,1,GT9X Link (ActiGraph),ActiGraph,n.r.,Triaxial ,n.r.,n.r.,60 Hz,51-80 Hz,0,60 Hz,None,None,None,n.a.,n.a.,None,Time-domain,n.r.,"Individual axes (x,y,z)",30 sec,Time-domain,Principal Component Analysis,Classical ML,RandomForest,Activity type
8106,Huang 2022,2022,United States of America; China,Adults,58,n.r.,Mixed,n.r.,1,Apple Watch; GENEActiv (ActivInsights),Apple; ActivInsights,n.r.,Triaxial ,n.r.,n.r.,50-85.7 Hz,51-80 Hz,0,50-85.7 Hz,None,Finite Impulse Response low-pass filter (5 Hz),Low-pass,n.a.,5,None,CNN-derived time-domain features,ENMO (mg),"Individual axes (x,y,z)",30 sec,CNN-derived time-domain features,CNN automatic feature selection,Deep Learning,CNN_Attention,Sleep-Wake
5071,Huang 2024,2024,United States of America,Adults,7,0,Wheelchair users,n.r.,1,GT9X Link (ActiGraph),ActiGraph,n.r.,Triaxial ,n.r.,n.r.,30 Hz,21-50 Hz,0,30 Hz,None,None,None,n.a.,n.a.,None; Subtracting 1g from VM,Time-domain; Frequency-domain,ENMO (mg),"Individual axes (x,y,z); Signal vector magnitude; Euclidean Norm Minus One (ENMO)",1 min,Time-domain; Frequency-domain,"Correlation based feature selection where if pairwise Peason's correlation coefficient between any two features was > 0.9, the one with the lower sequence number in the list was dropped.",Classical ML,RandomForest,Energy expenditure
34241,Hurter 2019,2019,United Kingdom,Children and Youth,27,17,Apparently healthy,n.r.,0,GT9X Link (ActiGraph); GENEActiv (ActivInsights),ActiGraph; ActivInsights,n.r.,Triaxial ,±8g,n.r.,100 Hz,81-100 Hz,0,100 Hz,None,None,None,n.a.,n.a.,Subtracting 1g from VM,Time-domain,Depends on model evaluated (see corresponding model details),"Individual axes (x,y,z)",15 sec,Time-domain,n.a.,Classical ML,DecisionTree,Activity type
30700,IEEE 2016,2016,Estonia,Adults,25,12,Apparently healthy,n.r.,1,Shimmer3 (Shimmer),Shimmer,n.r.,Triaxial ,±16g,n.r.,512 Hz,>100 Hz,1,25 Hz,None,Lowpass Butterworth IIR filter (0.1 Hz) [third order] to obtain the static component,Low-pass,n.a.,0.1,Filter,Time-domain,"SVM (g.sec), but thresholds reported in g.min and mg","Individual axes (x,y,z)",3 sec,Time-domain,Feature correlation analysis (removal of feature with correlation >0.90),Classical ML,DecisionTree,Activity type
25995,Ingraham 2019,2019,United States of America,Adults,10,2,Apparently healthy,n.r.,1,E4 (Empatica),Empatica,n.r.,Triaxial ,n.r.,n.r.,32 Hz,21-50 Hz,0,32 Hz,None,1 minute Gaussian kernel filter (0.1 Hz),Low-pass,n.a.,0.1,None,Time-domain,SVM (g.min),"Individual axes (x,y,z)",n.r.,Time-domain,n.a.,Linear / GLM,LinearRegression,Energy expenditure
5492,Jeong 2022,2022,South Korea,Adults,32,19,Apparently healthy,n.r.,1,GT3X+ (ActiGraph),ActiGraph,n.r.,Triaxial ,n.r.,n.r.,100 Hz,81-100 Hz,0,100 Hz,None,None,None,n.a.,n.a.,None,Time-domain; Frequency-domain; Nonlinear,Median of absolute change in arm angle between successive epochs (5-sec) for a specified window (5-min),"Individual axes (x,y,z)",5 sec,Time-domain; Frequency-domain; Nonlinear,Random Forest feature importance based on Gini impurity,Classical ML,RandomForest,Activity type
1040,Kim 2009,2009,South Korea,Adults,17,0,Apparently healthy,n.r.,1,Custom,Custom,MMA7260Q (Freescale Semiconductor),Triaxial ,n.r.,n.r.,100 Hz,81-100 Hz,0,100 Hz,None,High-pass filter (0.5 Hz) [n.r.],High-pass,0.5,n.a.,Filter,Time-domain,"Scaled VM counts, Binned VM counts","Individual axes (x,y,z)",n.r.,Time-domain,Correlation-based selection,Linear / GLM,LinearRegression,Energy expenditure
7472,Kim 2023,2023,South Korea,Adults,30,13,Mixed,n.r.,1,Maxim band (Maxim Integrated),Maxim Integrated,n.r.,Triaxial ,n.r.,n.r.,24 Hz,21-50 Hz,1,30 Hz,None,Bandpass (0.29 - 1.63 Hz) [first order],Band-pass,0.29,1.63,FIlter,Time-domain,ENMO (mg),n.r.,30 sec,Time-domain,Random forest ensemble feature selection,Classical ML,RandomForest,Sleep-Wake
3713,Kiuchi 2014,2014,Japan,Adults,6,0,Wheelchair users,n.r.,1,Custom,Custom,n.r.,Triaxial ,n.r.,n.r.,200 Hz,>100 Hz,0,200 Hz,None,Lowpass (5 Hz) [n.r.],Low-pass; High-pass,0.5,5,Filter,Time-domain,SVM (mg),"Individual axes (x,y,z)",1 min,Time-domain,Stepwise regression,Linear / GLM,LinearRegression,Energy expenditure
513,Kuo 2017,2017,Taiwan,Adults,81,34,n.r.,n.r.,1,Custom,Custom,ADXL335 (Analog Device),Triaxial ,±3g,10 bit,1 Hz,1-20 Hz,0,1 Hz,None,None,None,n.a.,n.a.,Filter,Time-domain,"Maximum (y), mean (y), variance (x), standard deviation (y,z), skewness, 25th percentile (y), 50th percentile (y), 75th percentile (y), zero-crossings (y), energy (y), dominant frequency (y), dominant magnitude (y), entropy (y,z), mean vector magnitude",Single axis (z),30 sec,Time-domain,None,Heuristic Rule,HeuristicRule,Sleep-Wake
9034,Kuster 2020,2020,Switzerland; Sweden,Adults,30,n.r.,Apparently healthy,n.r.,1,MVN BIOMECH Awinda (Xsens),Xsens,n.r.,Triaxial ,±16g,n.r.,60 Hz,51-80 Hz,0,60 Hz,None,"Butterworth lowpass (0.5 hz) [second order] used to isolate static component for feature extraction, also extracted from unfiltered signal",Low-pass,n.a.,0.5,None,"Time-domain; Frequency-domain; Nonlinear, Spatial","ANN: 10th, 25th, 50th, 75th, 90th percentiles of ENMO, lag-one autocorrelation, sex, age, BMI;
DT: ENMO, Intensity from corresponding 15-s and Sojourn ANN block","Individual axes (x,y,z); Signal vector magnitude",1 min,"Time-domain; Frequency-domain; Nonlinear, Spatial",Random forest ensemble feature selection using wrapper method,Classical ML,RandomForest,Activity intensity
1487,Kwon 2021,2021,United States of America,Adults,20,12,Apparently healthy,1,0,Custom,Custom,n.r.,Triaxial ,n.r.,n.r.,25 Hz,21-50 Hz,0,25 Hz,Auto-calibration using GGIR,None,None,n.a.,n.a.,Subtracting 1g from VM,Time-domain,"Mean, standard deviation, coefficient of variation, percentiles (10th, 25th, 50th, 75th, 90th), skewness, kurtosis, maximum, minimum, peak-to-peak amplitude, median crossings, sum, mean absolute deviation, signal power, lag-1 autocorrelation, log energy, interquartile range, cross-correlation between each axis (xy, xz, yz), dominant frequency (0.25-5 Hz), magnitude of dominant frequency (0.25-5 Hz); SVM (mg); ENMO (mg)","Individual axes (x,y,z)",1 sec,Time-domain,n.a.,Threshold / Cutpoint,SingleThreshold,Activity type
18650,Peraza 2020,2020,United Kingdom; France,n.r.,68,n.r.,Mixed,n.r.,1,AX3 (Axivity); Custom; GENEActiv Original (ActivInsights) ,Axivity; Custom; ActivInsights,n.r.,Triaxial ,n.r.,n.r.,n.r.,n.r.,n.r.,n.r.,None,Band-pass filter (n.r.) [n.r.],Band-pass,n.r.,n.r.,FIlter,Time-domain; Frequency-domain,ENMO (mg),Single axis,n.r.,Time-domain; Frequency-domain,n.a. (Automatic),Deep Learning,CNN_Fusion,Sleep-Wake
51,Lamprecht 2015,2015,Australia,Children and Youth,24,8,Clinical,n.r.,1,Custom,Custom,LIS302 (STMicroelectronics),Triaxial ,±2g,8 bit,100 Hz,81-100 Hz,1,40 Hz,Manual screening for artefacts - blocks of missing data (up to 2 sec) interpolated using piecewise cubic interpolation,"Butterworth lowpass (2 Hz) [fifth order], Butterworth bandpass filter (2-12 Hz) [tenth order]",Low-pass; Band-pass,2,12,FIlter,Time-domain,"ENMO (g)
(Mistake in reporting units and thresholds)",Signal vector magnitude,30 sec,Time-domain,Sequential forward selection optimising for partial area under the curve (AUC); minimum redundancy maximum relevancy (mRMR) also reported,Classical ML,QuadraticDiscriminant,Sleep-Wake
2316,Li 2021,2021,United States of America; Switzerland,n.r.,105,0,Mixed,n.r.,1,E4 (Empatica),Empatica,n.r.,Triaxial ,n.r.,n.r.,n.r.,n.r.,n.r.,n.r.,Signal quality index (SQI) used against predefined thresholds,None,None,n.a.,n.a.,None,Time-domain,Median of absolute change in arm angle between successive epochs (5-sec) for a specified window (5-min),n.r.,5 min,Time-domain,None,Classical ML,SVM,Sleep-Wake
14825,Liang 2011,2011,Taiwan,n.r.,46,n.r.,Mixed,n.r.,1,Custom,Custom,ADXL335 (Analog Device),Triaxial ,±3g,10 bit,1 Hz,1-20 Hz,0,1 Hz,Some ADC data discarded or compressed if below a certain threshold,None,None,n.a.,n.a.,Filter,Time-domain,"Percentiles of acceleration signal (10th, 25th, 50th, 75th, 90th), percentiles of signal frequency (10th, 25th, 50th, 75th, 90th), total signal power, dominant frequency, dominant frequency between 0.6-2.5 Hz",Unclear,30 sec,Time-domain,"Feature selection based on movement theory, not data-driven",Heuristic Rule,HeuristicRule,Sleep-Wake
12084,Mackintosh 2016,2016,United Kingdom; United States of America,Children and Youth,27,12,n.r.,n.r.,1,wGT3X+ (ActiGraph),ActiGraph,n.r.,Triaxial ,n.r.,n.r.,100 Hz,81-100 Hz,0,100 Hz,None,Bandpass filter (0.25-2.5 Hz) [n.r.] - cited information,Band-pass,0.25,2.5,FIlter,Time-domain,n.r.,Activity counts,15 sec,Time-domain,Preliminary analysis of predictive accuracy using different feature sets,Classical ML,ANN,Energy expenditure
5753,Mahadevan 2021,2021,United States of America,Children and Youth; Adults,32,22,Mixed,1,0,GENEActiv Original (ActivInsights),ActivInsights,n.r.,Triaxial ,n.r.,n.r.,100 Hz,81-100 Hz,1,20 Hz,None,Butterworth high-pass (0.25 Hz) [first order],High-pass,0.25,,,Time-domain,Mean and variance,Signal vector magnitude,1 min,Time-domain,None,Heuristic Rule,HeuristicRule,Sleep-Wake
13708,Mannini 2013,2013,Italy; United States of America,Adults; Older adults,33,22,n.r.,n.r.,1,Custom ,Custom,MMA7331LCR1 (NXP Semiconductors),Triaxial ,±4g,n.r.,90 Hz,81-100 Hz,0,90 Hz,Data loss checked - windows with less than 80% samples at 90 Hz discarded,Butterworth low-pass filter (15 Hz) [fourth order],Low-pass,n.a.,15,None,Time-domain; Frequency-domain; Time-frequency domain,Depends on method used,Signal vector magnitude,12.8 sec,Time-domain; Frequency-domain; Time-frequency domain,Feature set evaluation based on overall accuracy and consideration with computation cost - wavelet features removed,Classical ML,SVM,Activity type
11841,Mannini 2017,2017,Italy; United States of America,Children and Youth; Adults; Older adults,53,30,n.r.,n.r.,1,Custom,Custom,MMA7331LCR1 (NXP Semiconductors),Triaxial ,±4g,n.r.,90 Hz,81-100 Hz,0,90 Hz,Data loss checked - windows with less than 80% samples at 90 Hz discarded,Butterworth low-pass filter (5 Hz) [fourth order],Low-pass,n.a.,5,Subtracting 1g from VM,Time-domain; Frequency-domain,"LR and DT: Standard deviation of VM, mean angle of acceleration relative to vertical

RF: Mean of VM, standard deviation of VM, percent power in 0.6€“2.5 Hz band, dominant frequency of VM, fraction of power at dominant frequency, mean angle of acceleration relative to vertical, standard deviation of angle of acceleration relative to vertical",Signal vector magnitude,12.8 sec,Time-domain; Frequency-domain,"Grid search optimization using classification accuracy as criteria to add features, automatic sequential forward selection with LOSO validation output as selection criteria",Classical ML,SVM,Activity type
54,Marcotte 2020,2020,United States of America,Children and Youth,48,26,Apparently healthy,n.r.,0,GT3X-BT (ActiGraph),ActiGraph,n.r.,Triaxial ,±8g,n.r.,80 Hz,51-80 Hz,0,80 Hz,Auto-calibration using GGIR,None,None,n.a.,n.a.,Subtracting 1g from VM,Time-domain; Frequency-domain,"Activity type classifier: mean of the absolute band-passed signal, magnitude, inter-quartile range, median, variance, standard deviation, main frequency peak, amplitude of the main frequency peak
EE association: mean of the absolute band-passed signal summed over three axes (x,y,z)","Individual axes (x,y,z); Signal vector magnitude",Depends on model evaluated (see corresponding model details),Time-domain; Frequency-domain,n.a. (external validation of previous models),Classical ML,RandomForest,Activity type
2919,Mardini 2020,2020,United States of America,Adults; Older adults,145,96,Apparently healthy,1,1,GT3X+ (ActiGraph),ActiGraph,n.r.,Triaxial ,n.r.,n.r.,30-100 Hz,Variable,1,30 Hz,None,Bandpass (n.r.) [n.r.],Band-pass,n.r.,n.r.,FIlter,Time-domain; Spatial,Tilt angle (degrees),"Individual axes (x,y,z)",15 sec,Time-domain; Spatial,Automatic selection via deep learning network,Deep Learning,CNN_LSTM,Activity type; Energy expenditure
3298,Mardini 2021,2021,United States of America,Adults; Older adults,253,157,Apparently healthy,1,1,GT3X-BT (ActiGraph),ActiGraph,n.r.,Triaxial ,n.r.,n.r.,100 Hz,81-100 Hz,0,100 Hz,None,None,None,n.a.,n.a.,None,Time-domain; Frequency-domain,ENMO (mg),"Individual axes (x,y,z); Signal vector magnitude",60 sec,Time-domain; Frequency-domain,Embedded feature selection within algorithm,Classical ML,GradientBoosting,Activity intensity; Activity type; Energy expenditure
524,Meredith-Jones 2024,2024,New Zealand,Children and Youth,137,67,Apparently healthy,1,0,AX3 (Axivity); wGT3X-BT (ActiGraph),Axivity; ActiGraph,n.r.,Triaxial ,n.r.,n.r.,100 Hz,81-100 Hz,0,100 Hz,Calibration performed using open-source Pampro package v0.5,Median filter,Low-pass,,,,Time-domain; Spatial,"Mean, standard deviation, peak-to-peak value, root mean 
squared value, kurtosis, skewness, crest factor, root 
mean square velocity, signal entropy ","Individual axes (x,y,z)",5 sec,Time-domain; Spatial,n.a.,Heuristic Rule,HeuristicRule,Sleep-Wake
153,Mielke 2023,2023,Australia; Brazil; Norway; United Kingdom,Adults,86,42,Apparently healthy,n.r.,1,wGT3X-BT (ActiGraph); GENEActiv (ActivInsights),ActiGraph; ActivInsights,n.r.,Triaxial ,n.r.,n.r.,60 Hz,51-80 Hz,0,60 Hz,None,None,None,n.a.,n.a.,Subtracting 1g from VM,Time-domain,"HFEN+ (mg), body weight (kg)","Individual axes (x,y,z)",5 sec,Time-domain,n.a.,Threshold / Cutpoint,SingleThreshold,Activity intensity
2019,Migueles 2019,2019,Spain; Sweden; Canada,Children and Youth,39,18,Apparently healthy,n.r.,1,wGT3X-BT (ActiGraph),ActiGraph,n.r.,Triaxial ,n.r.,n.r.,50 Hz,21-50 Hz,0,50 Hz,GGIR autocalibration and removal of abnormally high values beyond accelerometer dynamic range,None,None,n.a.,n.a.,Filter,Time-domain,"RF model: n.r.
GGIR analysis: Euclidean Norm Minus One (ENMO)","Individual axes (x,y,z)",5 sec,Time-domain,n.a.,Linear / GLM,LinearRegression,Energy expenditure
1051,Migueles 2021,2021,United States of America; Spain; Sweden,Older adults,78,40,Apparently healthy,n.r.,1,GT3X+ (ActiGraph),ActiGraph,n.r.,Triaxial ,±8g,n.r.,60-80 Hz,51-80 Hz,0,60-80 Hz,Data cleaning using GGIR reported,None,None,n.a.,n.a.,Subtracting 1g from VM,Time-domain,Weighted activity counts,"Individual axes (x,y,z)",5 sec,Time-domain,n.a.,Threshold / Cutpoint,SingleThreshold,Activity intensity
8620,Mikulec 2021,2021,Czech Republic,Adults; Older adults,28,11,Mixed,n.r.,0,GENEActiv (ActivInsights),ActivInsights,n.r.,Triaxial ,±8g,n.r.,87.5 Hz,81-100 Hz,0,87.5 Hz,None,Median filter,Low-pass,,,,Time-domain; Spatial,Mean and variance of individual axes,"Individual axes (x,y,z)",5 sec,Time-domain; Spatial,n.a.,Heuristic Rule,HeuristicRule,Sleep-Wake
3389,Montoye 2015,2015,United States of America,Adults,39,20,Apparently healthy,n.r.,1,GENEActiv (ActivInsights),ActivInsights,n.r.,Triaxial ,±6g,n.r.,20 Hz,1-20 Hz,0,20 Hz,None,None,None,n.a.,n.a.,None,Time-domain,"HFEN+ (mg), fat mass (kg), fat free mass (kg)","Individual axes (x,y,z)",1 sec,Time-domain,"4 feature sets evaluated based on correlation, RMSE, and bias",Classical ML,ANN,Energy expenditure
5624,Montoye 2016,2016,United States of America,Adults,39,20,Apparently healthy,n.r.,0,GENEActiv (ActivInsights),ActivInsights,n.r.,Triaxial ,±6g,n.r.,20 Hz,1-20 Hz,0,20 Hz,None,None,None,,,,Time-domain,jerk power spectra (0-2 Hz) within 0.5 sec for 30 sec giving 60 dimensions for one feature in a 30 sec epoch; concatenated across +-4 neighboring epochs giving 9 epochs,"Individual axes (x,y,z)",30 sec,Time-domain,"3 feature sets evaluated based on correlation, RMSE, and bias",Classical ML,ANN,Energy expenditure
4239,Montoye 2016,2016,United States of America,Adults,40,21,Apparently healthy,n.r.,1,GT3X+ (ActiGraph); GENEActiv (ActivInsights),ActiGraph; ActivInsights,n.r.,Triaxial ,±6g,n.r.,20 Hz,1-20 Hz,0,20 Hz,None,None,None,n.a.,n.a.,None,Time-domain,ENMO (mg),"Individual axes (x,y,z)",30 sec,Time-domain,"4 feature sets evaluated based on correlation, RMSE, and bias",Classical ML,ANN,Activity type
12174,Montoye 2016,2016,United States of America,Adults,39,20,Apparently healthy,n.r.,1,GENEActiv (ActivInsights),ActivInsights,n.r.,Triaxial ,n.r.,n.r.,20 Hz,1-20 Hz,0,20 Hz,None,None,None,n.a.,n.a.,None,Time-domain,Median of absolute change in arm angle between successive epochs (5-sec) for a specified window (5-min),"Individual axes (x,y,z)",5 sec,Time-domain,None,Classical ML,ANN,Activity type
11760,Montoye 2017,2017,United States of America,Adults,39,20,Apparently healthy,n.r.,1,GENEActiv (ActivInsights),ActivInsights,n.r.,Triaxial ,±8g,n.r.,20 Hz,1-20 Hz,0,20 Hz,None,None,None,n.a.,n.a.,None,Time-domain,"Percentiles 10th, 25th, 50th, 75th, 90th, covariance, weight, height, sex","Individual axes (x,y,z)",30 sec,Time-domain,None,Classical ML,ANN,Energy expenditure
11378,Montoye 2017,2017,United States of America,Adults,22,10,Apparently healthy,n.r.,1,GT9X Link (ActiGraph),ActiGraph,n.r.,Triaxial ,±6g,n.r.,60 Hz,51-80 Hz,0,60 Hz,None,None,None,n.a.,n.a.,None,Time-domain,"Mean, variance, covariance, minimum, maximum, mean axis orientation, variance of axis orientation, percentiles 10th, 25th, 50th, 75th, 90th","Individual axes (x,y,z)",30 sec,Time-domain,None,Classical ML,ANN,Energy expenditure
176,Montoye 2018,2018,United States of America,Adults; Older adults,63,32,Apparently healthy,n.r.,1,GENEActiv (ActivInsights),ActivInsights,n.r.,Triaxial ,n.r.,n.r.,20-60 Hz,Variable,0,20-60 Hz,None,None,None,n.a.,n.a.,None,Time-domain,"Percentiles 10th, 25th, 50th, 75th, 90th","Individual axes (x,y,z)",30 sec,Time-domain,Multiple feature sets tested and assessed based on classification accuracy,Classical ML,RandomForest,Activity intensity
9905,Montoye 2019,2019,United States of America; United Kingdom,Children and Youth,61,15,Apparently healthy,n.r.,1,wGT3X-BT (ActiGraph),ActiGraph,n.r.,Triaxial ,±6g,n.r.,100 Hz,81-100 Hz,1,30 Hz,None,None,None,n.a.,n.a.,None,Time-domain,"Mean, SD, minimum, maximum, covariance, 10th, 25th, 50th, 75th, 90th percentiles","Individual axes (x,y,z)",15 sec,Time-domain,None,Classical ML,ANN,Energy expenditure
257,Montoye 2020,2020,United States of America,Adults; Older adults,101,52,Apparently healthy,n.r.,0,GT9X Link (ActiGraph),ActiGraph,n.r.,Triaxial ,n.r.,n.r.,30-60 Hz,Variable,0,30-60 Hz,Auto-calibration using GGIR,None,None,,,,Time-domain,"Activity type classifier: mean of the absolute band-passed signal, magnitude, inter-quartile range, median, variance, standard deviation, main frequency peak, amplitude of the main frequency peak
EE association: mean of the absolute band-passed signal summed over three axes (x,y,z)","Individual axes (x,y,z)",60 sec,Time-domain,n.a.,Threshold / Cutpoint,Threshold,Activity intensity
34283,MONTOYE 2021,2021,United States of America,Adults; Older adults,48,25,Apparently healthy,n.r.,1,GT9X Link (ActiGraph),ActiGraph,n.r.,Triaxial ,n.r.,n.r.,30 Hz,21-50 Hz,0,30 Hz,None,None,None,n.a.,n.a.,None,Time-domain; Frequency-domain; Spatial,"10th, 25th, 50th, 75th, 90th percentiles, covariance","Individual axes (x,y,z)",30 sec,Time-domain; Frequency-domain; Spatial,Random forest ensemble feature prioritisation,Classical ML,RandomForest,Activity type
1238,Nightingale 2015,2015,United Kingdom,Adults,17,0,Wheelchair users,n.r.,1,GENEActiv (ActivInsights),ActivInsights,n.r.,Triaxial ,±8g,n.r.,30 Hz,21-50 Hz,0,30 Hz,None,None,None,n.a.,n.a.,None,Time-domain,"Mean, SD, minimum, maximum, 10th, 25th, 50th, 75th, 90th percentiles","Individual axes (x,y,z)",60 sec,Time-domain,n.a.,Linear / GLM,LinearRegression,Energy expenditure
25046,Ode 2022,2022,Japan,Adults,25,0,Apparently healthy,n.r.,1,Custom,Custom,LSM6DSM (STMicroelectronics),Triaxial ,±2g,16 bit,n.r.,n.r.,n.r.,n.r.,None,On-board low-pass filter (n.r.) [n.r.],Low-pass,n.a.,n.r.,None,Time-domain; Frequency-domain,"Mean wrist elevation angle (degrees), mean vector magnitude (milli-g), summed gravity-subtracted vector magnitude (g.15 s)",Signal vector magnitude,30 sec,Time-domain; Frequency-domain,Based on XGBoost weighting and performance evaluation,Classical ML,GradientBoosting,Sleep-Wake
201,O'Driscoll 2020,2020,United Kingdom,n.r.,59,41,Apparently healthy,n.r.,1,GT3X+ (ActiGraph),ActiGraph,n.r.,Triaxial ,n.r.,n.r.,30 Hz,21-50 Hz,0,30 Hz,Missing sensor data excluded,None,None,n.a.,n.a.,None,Time-domain; Frequency-domain; Spatial,n.r.,"Individual axes (x,y,z); First-order differentials",60 sec,Time-domain; Frequency-domain; Spatial,None,Classical ML,RandomForest,Energy expenditure
33648,van Loo 2018,2018,Australia; United Kingdom; Norway; Australia; Scotland,Children and Youth,57,29,Apparently healthy,1,0,GENEActiv (ActivInsights),ActivInsights,n.r.,Triaxial ,±8g,12 bit,100 Hz,81-100 Hz,0,100 Hz,Auto-calibration using GGIR,Bandpass (fourth order) [0.2-15 Hz],None; Band-pass,,,,Time-domain,"Mean, standard deviation, mean angle between x-axis and VM, standard deviation of angle, covariance, skewness, kurtosis, entropy, coefficient of variation, correlations between each axis (xy,xz,yz), percent power (0.6€“2.5 Hz), dominant frequency, fraction of power at dominant frequency","Individual axes (x,y,z)",Based on model evaluated,Time-domain,n.a.,Threshold / Cutpoint,Threshold,Activity intensity
4554,Papadopoulos 2015,2015,United States of America,Older adults,30,n.r.,Apparently healthy,n.r.,1,Custom,Custom,BMA150 (Bosch Sensortec),Triaxial ,±8g,n.r.,125 Hz,>100 Hz,0,125 Hz,None,Median filter,Low-pass,n.a.,n.r.,None,Time-domain; Frequency-domain,Principal component directions of 24 summary statistics,"Individual axes (x,y,z); Signal vector magnitude",1 sec,Frequency-domain,Based on performance evaluation,Threshold / Cutpoint,Threshold,Activity type
8295,Paraschiakos 2022,2022,Netherlands,Older adults,35,14,Apparently healthy,n.r.,1,GENEActiv (ActivInsights),ActivInsights,n.r.,Triaxial ,±8g,n.r.,83 Hz,81-100 Hz,0,83 Hz,None,None,None,n.a.,n.a.,None,Time-domain,ENMO (mg),"Individual axes (x,y,z)",2.4 sec,Time-domain,None,Deep Learning,GRU_RNN,Energy expenditure
5408,Patterson 2023,2023,United States of America,Adults; Older adults,28,11,Mixed,n.r.,0,GENEActiv (ActivInsights),ActivInsights,n.r.,Triaxial ,±8g,n.r.,85.7 Hz,81-100 Hz,0,85.7 Hz,Auto-calibration using GGIR,"n.r. (van Hees algorithm, Median filter assumed)",Low-pass,,,,Time-domain; Spatial,"Mean of the absolute BP signal, interquartile range, mean distance between axes, median, variance, standard deviation, zero crossing rate, main frequency peak, low and high-frequency band signal power","Individual axes (x,y,z)",5 sec,Time-domain; Spatial,n.a.,Heuristic Rule,HeuristicRule,Sleep-Wake
339,Pavey 2017,2017,Australia,Adults,21,8,Apparently healthy,n.r.,1,GENEActiv (ActivInsights),ActivInsights,n.r.,Triaxial ,n.r.,n.r.,30 Hz,21-50 Hz,0,30 Hz,None,None,None,n.a.,n.a.,None,Time-domain; Frequency-domain,"Minimum, maximum, mean, standard deviation, percentiles (10th, 25th, 50th, 75th, 90th), dominant frequency, first differential, vector magnitude, cross-axis correlations","Individual axes (x,y,z)",10 sec,Time-domain; Frequency-domain,None (random forest ensemble feature importance),Classical ML,RandomForest,Activity type
362,Phillips 2013,2013,United Kingdom,Children and Youth,44,26,Apparently healthy,n.r.,1,GENEA (Unilever & ActivInsights),Unilever & ActivInsights,n.r.,Triaxial ,n.r.,n.r.,80 Hz,51-80 Hz,0,80 Hz,None,None,None,n.a.,n.a.,Subtracting 1g from VM,Time-domain,"Percentiles (10th, 25th, 50th, 75th, 90th), mean acceleration, SD of acceleration, percentiles of signal frequency (10th, 25th, 50th, 75th, 90th), range of frequency distribution, total signal power, mean frequency, dominant frequency, power of dominant frequency, second dominant frequency, power of second dominant frequency, dominant frequency (0.6-2.5 Hz), power of dominant frequency (0.6-2.5 Hz), entropy, entropy density, ratio noise/signal","Individual axes (x,y,z)",1 sec,Time-domain,Based on previous research,Threshold / Cutpoint,Threshold,Activity intensity
188,Plekhanova 2023,2023,United Kingdom,Adults,30,19,Apparently healthy,1,0,GENEActiv (ActivInsights); AX3 (Axivity); GT9X Link (ActiGraph),ActivInsights; Axivity; ActiGraph,n.r.,Triaxial ,±8g,n.r.,100 Hz,81-100 Hz,0,100 Hz,Autocalibration using GGIR and discarding abnormally high values,Median filter,Low-pass,,,,Time-domain; Spatial,Threshold-crossing metric,"Individual axes (x,y,z)",5 sec,Time-domain; Spatial,n.a.,Heuristic Rule,HeuristicRule,Sleep-Wake
1183,Roscoe 2017,2017,United Kingdom,Children and Youth,21,8,Apparently healthy,n.r.,1,GENEActiv (ActivInsights),ActivInsights,n.r.,Triaxial ,n.r.,n.r.,87.5 Hz,81-100 Hz,0,87.5 Hz,None,None,None,n.a.,n.a.,Subtracting 1g from VM,Time-domain,"MAD, AGI, inclination angle, participant height, arm length, leg length","Individual axes (x,y,z)",1 sec,Time-domain,n.a.,Threshold / Cutpoint,Threshold,Activity intensity
542,Rosenberger 2013,2013,United States of America,Adults; Older adults,37,24,Apparently healthy,n.r.,1,Custom,Custom,n.r.,Triaxial ,±2g,n.r.,90 Hz,81-100 Hz,0,90 Hz,None,Low-pass 5 sec moving average filter,Low-pass,n.a.,n.r.,Subtracting prior 5 sec moving average,Time-domain,"average, deviation, df, power of df, second df, power of second df, total power (0.3 and 15 Hz), df (0.6-2.5 Hz), power f625, p1/total power, ration b/w df at current and previous segment, DWT (wavelet decomposition)","Individual axes (x,y,z)",1 sec,Time-domain,n.r.,Threshold / Cutpoint,Threshold,Activity intensity; Energy expenditure
12268,Rowlands 2016,2016,United Kingdom,Adults,34,20,n.r.,n.r.,0,GT3X+ (ActiGraph); GENEActiv (ActivInsights),ActiGraph; ActivInsights,n.r.,Triaxial ,±6g; ±8g,n.r.,100 Hz,81-100 Hz,0,100 Hz,None,None,None,n.a.,n.a.,None,Time-domain,"Number of RMS values crossing 0.01, coefficient from Cole's function, w/s score from Cole's function, mean of RMS, SD of RMS, min of RMS, max of RMS","Individual axes (x,y,z)",15 sec,Time-domain,n.a.,Classical ML,DecisionTree,Activity type
124,Ryser 2023,2023,Switzerland,Adults,19,n.r.,Apparently healthy,n.r.,1,ZurichMOVE,ZurichMOVE,n.r.,Triaxial ,±8g,n.r.,50 Hz,21-50 Hz,0,50 Hz,None,Deadband elimination <0.05 g set 0 as considered noise,High-pass,0.25,n.a.,Filter,Time-domain,"HLM and HNLM: ENMO (mg)
SLM: Standard deviation of VM, mean angle of acceleration relative to vertical
SNLM: Mean of VM, standard deviation of VM, percent power in 0.6€“2.5 Hz band, dominant frequency of VM, fraction of power at dominant frequency, mean angle of acceleration relative to vertical, standard deviation of angle of acceleration relative to vertical",Signal vector magnitude,30 sec,Time-domain,None,Heuristic Rule,HeuristicRule,Sleep-Wake
307,Sanders 2019,2019,United Kingdom; Ireland,Older adults,34,24,Apparently healthy,1,1,GENEActiv (ActivInsights); GT3X+ (ActiGraph),ActivInsights; ActiGraph,n.r.,Triaxial ,n.r.,n.r.,60 Hz,51-80 Hz,0,60 Hz,Auto-calibration using GGIR,None,None,n.a.,n.a.,Subtracting 1g from VM,Time-domain,"For each of ENMO, Z-angle, LIDS: mean, SD, min, max, MAD, entropy(20 bins), entropy(200 bins), prev/next 30 s diff, prev/next 60 s diff, prev/next 120 s diff (12 Ã— 3 = 36) ","Individual axes (x,y,z)",1 sec,Time-domain,n.a.,Threshold / Cutpoint,Threshold,Activity intensity
2869,Sano 2014,2014,United States of America,n.r.,15,n.r.,n.r.,n.r.,1,Q Sensor (Affectiva Inc.),Affectiva Inc.,n.r.,Triaxial ,n.r.,n.r.,8 Hz,1-20 Hz,0,8 Hz,None,Bandpass filter (2-3 Hz),Band-pass,2,3,None,Time-domain,"Variance of accelerometer signal (unitless), height (m), log(height), product of variances, lagged variances",Root mean square,30 sec,Time-domain,None,Classical ML,SVM,Sleep-Wake
5450,Sansom 2023,2023,Australia,Adults,835,483,Clinical,1,0,GT3X+ (ActiGraph),ActiGraph,n.r.,Triaxial ,n.r.,n.r.,30 Hz,21-50 Hz,0,30 Hz,GGIR QC pipeline: visual mismatch flag when diary vs accelerometer differs > 4 h; nights dropped if wear < 16 h or cleaningcode > 1,None,None,,,,Time-domain; Spatial,SVM (g.s),"Individual axes (x,y,z)",5 sec,Time-domain; Spatial,n.a.,Heuristic Rule,HeuristicRule,Sleep-Wake
5580,Sasaki 2016,2016,United States of America,Older adults,50,30,Apparently healthy,n.r.,1,GT3X+ (ActiGraph),ActiGraph,n.r.,Triaxial ,±6g,n.r.,80 Hz,51-80 Hz,0,80 Hz,None,None,None,n.a.,n.a.,None,Time-domain; Frequency-domain,SVM (g/min),"Individual axes (x,y,z)","Lab, structured: 20 sec
Free-living, unstructured: 30 sec",Time-domain; Frequency-domain,n.r.,Classical ML,RandomForest,Activity type
574,Schaefer 2014,2014,United States of America,Children and Youth,24,13,Apparently healthy,n.r.,1,GENEActiv (ActivInsights),ActivInsights,n.r.,Triaxial ,±8g,n.r.,75 Hz,51-80 Hz,0,75 Hz,None,Bandpass (0.2 - 15 Hz) non-recursive filter,Band-pass,0.2,15,FIlter,Time-domain,ENMO (milligravity); MAD (milligravity),"Individual axes (x,y,z)",1 sec,Time-domain,n.a.,Threshold / Cutpoint,Threshold,Activity intensity
5456,Sevil 2020,2020,United States of America,Adults,25,13,n.r.,n.r.,1,E4 (Empatica),Empatica,n.r.,Triaxial ,n.r.,n.r.,64 Hz,51-80 Hz,0,64 Hz,None,Median filter + Savitzky€“Golay (details such as cut-off n.r.) ,Low-pass,n.a.,n.r.,None,Time-domain; Frequency-domain; Non-linear,CNN-derived time-domain features.,"Individual axes (x,y,z); Signal vector magnitude",1 min,Time-domain; Frequency-domain; Non-linear,Principal component analysis,Deep Learning,LSTM,Activity type
25641,Shwetar 2022,2022,United States of America,Adults,60,11,Wheelchair users,n.r.,1,GT9X Link (ActiGraph); GT3X+ (ActiGraph),ActiGraph,n.r.,Triaxial ,n.r.,n.r.,30 Hz,21-50 Hz,0,30 Hz,None,None,None,n.a.,n.a.,Subtracting 1g from VM,Time-domain; Frequency-domain,SVM (g),"Individual axes (x,y,z); Signal vector magnitude; Euclidean Norm Minus One (ENMO)",60 sec,Time-domain; Frequency-domain,"Pair-wise Pearson correlation >= 0.90, feature retained",Classical ML,RandomForest,Activity intensity
1068,Siddall 2019,2019,United Kingdom,Adults,20,10,Apparently healthy,n.r.,0,GENEActiv (ActivInsights),ActivInsights,n.r.,Triaxial ,±8g,n.r.,100 Hz,81-100 Hz,0,100 Hz,None,None,None,,,,Time-domain,SVMgs (g.min),"Individual axes (x,y,z)",1 min,Time-domain,n.a.,Heuristic Rule,HeuristicRule,Energy expenditure
3598,Sirichana 2017,2017,United States of America,Adults,20,10,Apparently healthy,n.r.,1,GENEActiv (ActivInsights),ActivInsights,n.r.,Triaxial ,±8g,n.r.,40 Hz,21-50 Hz,0,40 Hz,None,None,None,n.a.,n.a.,Subtracting 1g from VM,Time-domain,Activity counts (unitless),"Individual axes (x,y,z)",60 sec,Time-domain,n.a.,Linear / GLM,LinearRegression,Energy expenditure
198,Staudenmayer 2015,2015,United States of America,Adults,20,10,Apparently healthy,n.r.,1,GT3X+ (ActiGraph),ActiGraph,n.r.,Triaxial ,±6g,12 bit,80 Hz,51-80 Hz,0,80 Hz,None,None,None,n.a.,n.a.,None,Time-domain; Frequency-domain,"Minimum, Maximum, Mean, SD, Correlation (XY, XZ, YZ), Median zero-crossings, Percentiles (10th, 25th, 50th, 75th,90th), Dominant frequency, Dominant-frequency magnitude, Gender, Age, Height, Weight","Individual axes (x,y,z); Signal vector magnitude",15 sec,Time-domain; Frequency-domain,Based on lowest mean square error (MSE) and misclassification error for LR and DT. n.r. for RF,Classical ML,RandomForest,Activity intensity; Energy expenditure
10178,Steenbock 2019,2019,Germany,Children and Youth,41,n.r.,Apparently healthy,1,1,GENEActiv (ActivInsights),ActivInsights,n.r.,Triaxial ,n.r.,n.r.,100 Hz,81-100 Hz,0,100 Hz,None,None,None,n.a.,n.a.,None,Time-domain,"Hildebrand: ENMO (mg)
Phillips: SVM (mg)
Schaefer: BFEN (mg)","Individual axes (x,y,z)",30 sec,Time-domain,None,Classical ML,RandomForest,Energy expenditure
92,Sundararajan 2021,2021,Netherlands; United States of America; France; United Kingdom,Adults,164,82,Mixed,n.r.,1,GENEActiv (ActivInsights),ActivInsights,n.r.,Triaxial ,n.r.,n.r.,n.r.,n.r.,n.r.,n.r.,Auto-calibration using GGIR,None,None,n.a.,n.a.,Subtracting 1g from VM,"Time-domain; Non-linear, Spatial","Zero crossing counts using VM, mean VM, SD VM, max VM across 7 windows","Single axis; Individual axes (x,y,z); ENMO",30 sec,"Time-domain; Non-linear, Spatial",None,Classical ML,RandomForest,Sleep-Wake
884,Tabar 2021,2021,Denmark,Adults,20,13,Apparently healthy,n.r.,1,GENEActiv (ActivInsights),ActivInsights,n.r.,Triaxial ,n.r.,n.r.,100 Hz,81-100 Hz,0,100 Hz,None,None,None,n.a.,n.a.,None,Time-domain,Maximum power (g²) in 0.7€“3 Hz band on normalised data (vector magnitude),Signal vector magnitude,30 sec,Time-domain,None,Classical ML,RandomForest,Sleep-Wake
687,TeLindert 2020,2020,Netherlands,Adults; Older adults,114,83,Mixed,n.r.,0,GENEActiv Sleep (ActivInsights),ActivInsights,n.r.,Triaxial ,±8g,n.r.,50 Hz,21-50 Hz,0,50 Hz,None,None,None,,,,Time-domain,SVM (g/min),Single axis,30 sec,Time-domain,None,Threshold / Cutpoint,Threshold,Sleep-Wake
1664,Thapa-Chhetry 2022,2022,United States of America,Adults,97,46,Apparently healthy,n.r.,1,GT3X+ (ActiGraph); GT9X (ActiGraph); AX3 (Axivity),ActiGraph; Axivity,n.r.,Triaxial ,n.r.,n.r.,80-100 Hz,81-100 Hz,1,80 Hz,None,Polyphase filtering for resampling,Low-pass,n.a.,n.r.,None,Time-domain; Spatial,n.r.,"Individual axes (x,y,z); Signal vector magnitude",,Time-domain; Spatial,None,Linear / GLM,LogisticRegression,Sleep-Wake
10036,Trevenen 2019,2019,Australia,Adults,242,120,Apparently healthy,n.r.,1,GT3X+ (ActiGraph),ActiGraph,n.r.,Triaxial ,n.r.,n.r.,30 Hz,21-50 Hz,0,30 Hz,None,None,None,n.a.,n.a.,Subtracting 1g from VM,Time-domain,"Mean, variance, root mean square (x,y,z), pearson correlation coefficients (xy,yz,xz), difference between max and min, vector magnitude of each of two axes and all three axes (xy,yz,xz,xyz)
",Signal vector magnitude,30 sec,Time-domain,Random forest importance ranking,Probabilistic Temporal,HMM,Sleep-Wake
24863,Trost 2014,2014,Australia; United States of America,Children and Youth,52,24,Apparently healthy,n.r.,1,GT3X+ (ActiGraph),ActiGraph,n.r.,Triaxial ,±6g,12 bit,30 Hz,21-50 Hz,0,30 Hz,None,None,None,n.a.,n.a.,None,Time-domain,"Standard deviation (x,y,z), age, gender, height, weight, BMI","Individual axes (x,y,z)",10 sec,Time-domain,L1 regularization - Lasso penalty,Linear / GLM,LogisticRegression,Activity type
25302,Trost 2018,2018,Australia,Children and Youth,11,6,n.r.,n.r.,1,GT3X+ (ActiGraph),ActiGraph,n.r.,Triaxial ,n.r.,n.r.,100 Hz,81-100 Hz,0,100 Hz,None,None,None,n.a.,n.a.,None,Time-domain; Frequency-domain,Median of absolute change in arm angle (degrees) between successive epochs (5-sec) for a specified window (5-min),Signal vector magnitude,15 sec,Time-domain; Frequency-domain,None,Classical ML,SVM,Activity type
5455,Trost 2022,2022,Australia,Children and Youth,18,8,n.r.,n.r.,0,GT3X+ (ActiGraph),ActiGraph,n.r.,Triaxial ,±6g,12 bit,30 Hz,21-50 Hz,0,30 Hz,Autocalibration procedures performed described by Nadeau et al. (2017) - calibrated to local gravity using ellipsoid fitting,None,None,,,,Time-domain,"25th percentile (x), 25th percentile (z), 90th percentile (x), coefficient of variation (y), coefficient of variation (z), dominant frequency (y), dominant frequency (vm), maximum (x), minimum (vm), minimum (x), minimum (y), skewness (y), standard deviation (vm), zero crossings (x), zero crossings (z).","Individual axes (x,y,z)",5 sec,Time-domain,n.a.,Threshold / Cutpoint,Threshold,Activity intensity
6693,Uphill 2024,2024,Australia,Adults,36,0,Apparently healthy,n.r.,0,GENEActiv (ActivInsights),ActivInsights,n.r.,Triaxial ,n.r.,n.r.,100 Hz,81-100 Hz,0,100 Hz,None,None,None,,,,Time-domain,"Mean, standard deviation, minimum, maximum, interquartile range, percentiles (10th, 25th, 50th, 75th, 95th), coefficient of variation, signal sum, signal power, peak-to-peak amplitude, median crossings, dominant frequency (0.25-5 Hz), magnitude of dominant frequency (0.25-5 Hz), signal entropy (0.25-5 Hz)","Individual axes (x,y,z)",5 sec,Time-domain,n.a.,Heuristic Rule,HeuristicRule,Energy expenditure
34730,van Loo 2017,2017,Australia; Norway,Children and Youth,57,29,Apparently healthy,1,0,GENEActiv (ActivInsights),ActivInsights,n.r.,Triaxial ,±8g,n.r.,100 Hz,81-100 Hz,0,100 Hz,None,"Phillips et al., 2013 algorithm - None
Schaefer et al., 2014 algorithm - Band-pass filter (0.2-15 Hz)",None; Band-pass,15,0.2,Filter,Time-domain,ENMO (mg),"Individual axes (x,y,z)",1 sec,Time-domain,n.a.,Threshold / Cutpoint,Threshold,Activity type
1518,vanHees 2011,2011,Sweden; United States of America; United Kingdom,Adults,74,74,Apparently healthy,n.r.,1,GENEA (Unilever & ActivInsights),Unilever & ActivInsights,LIS3LV02DL (STMicroelectronics),Triaxial ,±6g,n.r.,"40 Hz
",21-50 Hz,0,"40 Hz
",None,Butterworth bandpass (0.2 - 15 Hz) [fourth order],Band-pass,0.2,15,FIlter,Time-domain,Signal vector magnitude,"Individual axes (x,y,z)",1 sec,Time-domain,n.a.,Linear / GLM,LinearRegression,Energy expenditure
1438,vanHees 2013,2013,United Kingdom,Adults,28,15,Apparently healthy,n.r.,1,GENEA (Unilever & ActivInsights),Unilever & ActivInsights,LIS3LV02DL (STMicroelectronics),Triaxial ,±6g,n.r.,80 Hz,51-80 Hz,0,80 Hz,None,Butterworth low-pass (0.2 Hz) [fourth order],Low-pass; High-pass,0.2,0.2,Filter; Subtracting 1g from VM,"Time-domain; Frequency-domain; Nonlinear, Spatial",RMSD of three successive epochs,"Individual axes (x,y,z)",2 sec AND 4 sec for frequency-domain features,Time-domain,n.a.,Linear / GLM,LogisticRegression,Activity type
1279,vanHees 2013,2013,Sweden; United Kingdom; Germany; Norway,Adults,62,63,Apparently healthy,n.r.,1,GENEA (Unilever & ActivInsights),Unilever & ActivInsights,LIS3LV02DL (STMicroelectronics),Triaxial ,±6g,n.r.,80 Hz,51-80 Hz,0,80 Hz,None,Butterworth bandpass (0.2-18 Hz) [fourth order] for some time-domain features; Butterworth low-pass (0.5 Hz) [fourth order] for some time-domain features; Bandpass (0.25-10 Hz) frequency filter for some frequency domain features,Band-pass,0.2; 0.25; 0.5,10; 18,Subtracting 1g from VM,Time-domain,"Mean, SD, max, min, percentiles of VM (10th, 25th, 50th, 75th, 90th)
unit = g","Individual axes (x,y,z); Signal vector magnitude",1 sec,"Time-domain; Frequency-domain; Nonlinear, Spatial",Principal component analysis,Linear / GLM,LinearRegression,Energy expenditure
417,vanHees 2015,2015,United Kingdom; Netherlands; France,Adults; Older adults,28,11,Mixed,n.r.,1,GENEActiv (ActivInsights),ActivInsights,n.r.,Triaxial ,±8g,n.r.,85.7 Hz,81-100 Hz,0,85.7 Hz,Auto-calibration using GGIR,Median filter,Low-pass,n.a.,n.r.,None,Time-domain; Spatial,"Mean wrist elevation angle (degrees), mean vector magnitude (milli-g), summed gravity-subtracted vector magnitude (g.15 s)","Individual axes (x,y,z)",5 sec,Time-domain; Spatial,n.a.,Heuristic Rule,HeuristicRule,Sleep-Wake
4934,vanHees 2018,2018,Netherlands; France; United Kingdom; United States of America; ,Adults; Older adults,50,26,Mixed,n.r.,1,"Sleep clinic: GENEActiv (ActivInsights)
Healthy: n.r. (Axivity)",ActivInsights; Axivity,n.r.,Triaxial ,±8g,n.r.,85.7-100 Hz,81-100 Hz,0,85.7-100 Hz,Auto-calibration using GGIR,Median filter,Low-pass,n.a.,n.r.,n.a.,Time-domain; Spatial,Mean daily acceleration converted to mean daily duration of MVPA (min),"Individual axes (x,y,z)",5 sec,Time-domain; Spatial,n.a.,Heuristic Rule,HeuristicRule,Sleep-Wake
854,Vibæk 2024,2024,Denmark,Children and Youth,33,15,Apparently healthy,n.r.,1,AX3 (Axivity),Axivity,n.r.,Triaxial ,±8g,13 bit,50 Hz,21-50 Hz,1,30 Hz,None,None,None,n.a.,n.a.,Subtracting mean,Time-domain; Spatial,"Mean, SD, dominant frequency, power of the dominant frequency, second dominant frequency, power of f2, total power (0.3-15 Hz)
, dominant frequency between (0.6-2.5 Hz), power corresponding with f625, p1/total power, the ratio between dominant frequency at the current and previous segment, 2 wavelet features
","Individual axes (x,y,z)",10 sec,Time-domain; Spatial,None,Deep Learning,CNN_LSTM,Energy expenditure
984,Walch 2019,2019,United States of America,Adults,31,21,Apparently healthy,n.r.,1,Apple Series 2 and 3 (Apple),Apple,n.r.,Triaxial ,n.r.,n.r.,50 Hz,21-50 Hz,0,50 Hz,Check for missing data for linear interpolation,Butterworth bandpass (3-11 Hz) [fifth order] + Gaussian filter,Band-pass,3,11,FIlter,Time-domain,SVM (g.s),"Y axis (not explicitly mentioned, but stated in cited paper - Lindert et al 2013)",30 sec,Time-domain,n.a.,Classical ML,ANN,Sleep-Wake
2676,Wang 2016,2016,United States of America,Adults,152,79,n.r.,n.r.,1,GENEActiv (ActivInsights),ActivInsights,n.r.,Triaxial ,n.r.,n.r.,100 Hz,81-100 Hz,0,100 Hz,None,50 ms moving-average filter,Low-pass,n.r.,n.r.,None; Subtracting 1g from VM,Time-domain; Spatial,Median of absolute change in arm angle (degrees) between successive epochs (5-sec) for a specified window (5-min),"Individual axes (x,y,z)",10 sec,Time-domain; Spatial,None,Threshold / Cutpoint,Threshold,Energy expenditure
2834,Weaver 2024,2024,United States of America,Children and Youth,75,32,Apparently healthy,1,0,GT9X Link (ActiGraph); Apple Watch Series 7 (Apple); Vivoactive 4 (Garmin),ActiGraph; Apple; Garmin,n.r.,Triaxial ,±8g; ±16g; ±8g,n.r.,25-50 Hz,21-50 Hz,0,25-50 Hz,Auto-calibration using GGIR,None,None,,,,Time-domain,CNN-derived time-domain and spatial features,"Individual axes (x,y,z)",15 sec,Time-domain,n.a.,Threshold / Cutpoint,Threshold,Activity intensity
35066,Welch 2013,2013,United States of America,Adults,130,67,Apparently healthy,1,0,GENEA (Unilever & ActivInsights),Unilever & ActivInsights,n.r.,Triaxial ,±6g,n.r.,80 Hz,51-80 Hz,0,80 Hz,None,None,None,,,,Time-domain,Median of absolute change in arm angle (degrees) between successive epochs (5-sec) for a specified window (5-min),"Individual axes (x,y,z)",1 sec extended to 60 sec,Time-domain,n.a.,Threshold / Cutpoint,Threshold,Activity intensity
943,White 2019,2019,United Kingdom,Adults; Older adults,100,50,Apparently healthy,n.r.,1,AX3 (Axivity),Axivity,n.r.,Triaxial ,±8g,n.r.,100 Hz,81-100 Hz,0,100 Hz,"Sample check and resampling done using linear interpolation, calibration of signal to local gravity (GGIR cited) ","ENMO: None
Filtered VM: No low-pass or bandpass filter",High-pass,0.2,n.a.,Filter,Time-domain,"VM: Average, standard deviation, coefficient of variation, minimum, maximum, 25th, 75th percentiles, lag 1 sec autocorrelation, third, fourth moments, skewness, kurtosis, dominant frequency, power at dominant frequency, total energy, entropy, 15 FFT coefficients
Multi-axis: Correlation between axis, average of roll, pitch, and yaw, standard deviation of roll, pitch, and yaw, principal direction of motion","Individual axes (x,y,z)",5 sec,Time-domain,n.a.,Linear / GLM,LinearRegression,Energy expenditure
25531,Wullems 2024,2024,Belgium; United Kingdom; Lithuania,Older adults,20,10,Apparently healthy,n.r.,0,GENEActiv (ActivInsights),ActivInsights,n.r.,Triaxial ,n.r.,n.r.,100 Hz,81-100 Hz,0,100 Hz,None,None,None,,,,Time-domain,Median of absolute change in arm angle between successive epochs (5-sec) for a specified window (5-min),"Individual axes (x,y,z)",15 sec,Time-domain,n.a.,Threshold / Cutpoint,Threshold,Activity intensity
5335,Xu 2023,2023,China,Adults,100,50,Apparently healthy,n.r.,1,WT901SDCL (Shenzhen Weite Intelligent Technology Co.; Ltd),Shenzhen Weite Intelligent Technology Co.,n.r.,Triaxial ,n.r.,n.r.,100 Hz,81-100 Hz,0,100 Hz,None,Kalman filter applied to raw axes (n.r. parameters),Low-pass,n.a.,n.r.,De-trend subtraction,Time-domain,n.r.,Signal vector magnitude,60 sec,Time-domain,Heuristic - correlation & RMSE comparison,Classical ML,ANN,Energy expenditure
11204,Yoshida 2017,2017,Japan,Adults; Older adults,261,n.r.,n.r.,n.r.,1,HFM-3DP (Suzuken Co.; Ltd),Suzuken Co.,n.r.,Triaxial ,n.r.,n.r.,31.25 Hz,21-50 Hz,1,2 Hz,None,Band-pass (0.02-0.08 Hz) per axis,Band-pass,0.02,0.08,FIlter,Time-domain,n.r.,"Individual axes (x,y,z)",30 sec,Time-domain,n.a.,Threshold / Cutpoint,Threshold,Sleep-Wake
5985,Yuan 2024,2024,United Kingdom; Australia; United States of America,Adults,1740,n.r.,Mixed,n.r.,1,GT3X (ActiGraph); AX3 (Axivity); GENEActiv Original (ActivInsights),ActiGraph; Axivity; ActivInsights,n.r.,Triaxial ,n.r.,n.r.,"n.r.
",n.r.,1,"30 Hz
",Unrealistic value check (>200 mg),None,None,n.a.,n.a.,None,Time-domain; Frequency-domain,SVMgs (gram/second),"Individual axes (x,y,z)",30 sec,Time-domain; Frequency-domain,n.a. (end-to-end learning),Deep Learning,CNN_LSTM,Sleep-Wake
2101,Zhang 2012,2012,United Kingdom; Australia,Adults,60,37,Apparently healthy,n.r.,1,GENEA (Unilever & ActivInsights),Unilever & ActivInsights,n.r.,Triaxial ,±6g,n.r.,80 Hz,51-80 Hz,0,80 Hz,None,None,None,n.a.,n.a.,None,Time-domain; Frequency-domain; Time-frequency,"Mean, SD, percentiles (10th, 25th, 50th, 75th, 90th), Mean Amplitude Deviation, lag-one autocorrelation, signal power, dominant frequency (0.25-3.0 Hz), dominant frequency magnitude (0.25-3.0 Hz), entropy (0.25-3.0 Hz)",Signal vector magnitude,12.8 sec,Time-domain; Frequency-domain; Time-frequency,None,Classical ML,DecisionTree,Activity type
465,Zhang 2012,2012,United Kingdom; Australia,Adults,60,37,Apparently healthy,n.r.,1,GENEA (Unilever & ActivInsights),Unilever & ActivInsights,n.r.,Triaxial ,±6g,n.r.,80 Hz,51-80 Hz,0,80 Hz,None,None,None,n.a.,n.a.,None,Time-domain; Frequency-domain; Time-frequency,SVM (g.s),Signal vector magnitude,12.8 sec,Time-domain; Frequency-domain; Time-frequency,None,Classical ML,DecisionTree,Activity type
,,,,,,,,,,,,,,,,,,,,,,,,,,,,,,,,,,
,,,,,9603,3551,,19,111,,,,,,,,,,,,,,,,,,,,,,,,,
,,,,,,36.9780277,,,,,,,,,,,,,,,,,,,,,,,,,,,,
